<?xml version="1.0" encoding="utf-8"?>
<prefix name="membership" label="Membership" language_tag="en" language_label="English"><key name="action"><value>Permissions</value></key><key name="add"><value>Add membership</value></key><key name="add_btn"><value>Add</value></key><key name="add_paid_plan"><value>Add paid-for plan</value></key><key name="add_plan"><value>Add new plan</value></key><key name="add_role"><value>Add role</value></key><key name="add_trial_plan"><value>Add trial plan</value></key><key name="admin_menu_browse_users"><value>Browse users by membership</value></key><key name="admin_menu_memberships"><value>Memberships</value></key><key name="admin_menu_settings"><value>Settings</value></key><key name="admin_menu_subscribe"><value>Subscribe page</value></key><key name="admin_page_heading_memberships"><value>Membership configuration</value></key><key name="admin_page_heading_settings"><value>Membership configuration</value></key><key name="admin_page_heading_users_by_membership"><value>Browse users by membership</value></key><key name="after_deleting_membership"><value>After deleting membership users will get:</value></key><key name="and_more"><value>and more...</value></key><key name="auth_group_label"><value>Paid Membership</value></key><key name="checkout"><value>Checkout</value></key><key name="choose_plan"><value>Choose plan</value></key><key name="consider_upgrading"><value>Consider upgrading for more benefits:</value></key><key name="create_membership_plan"><value>Select user role for new membership and create at least 1 plan:</value></key><key name="create_plan"><value>Create at least 1 plan for this membership</value></key><key name="custom_id"><value>Custom ID</value></key><key name="date_time_in_hours"><value>in {$hours} hours</value></key><key name="date_time_in_minutes"><value>in {$minutes} minutes</value></key><key name="date_time_in_one_hour"><value>in 1 hour</value></key><key name="date_time_in_one_minute"><value>in 1 minute</value></key><key name="date_time_tomorrow"><value>tomorrow</value></key><key name="days"><value>days</value></key><key name="days_left"><value>{$days} days left (current)</value></key><key name="delete"><value>Delete</value></key><key name="delete_membership"><value>Delete membership</value></key><key name="delete_selected"><value>Delete selected</value></key><key name="displaying_members"><value>Displaying members with</value></key><key name="edit_membership"><value>Edit membership</value></key><key name="expires"><value>Expires</value></key><key name="for_account_type"><value>Showing memberships for account type</value></key><key name="manage_membership_plans"><value>Add, edit or remove plans for &lt;b&gt;{$membership}&lt;/b&gt; membership:</value></key><key name="membership"><value>Membership</value></key><key name="membershipInfo"><value>Membership info</value></key><key name="memberships"><value>Memberships</value></key><key name="membership_added"><value>Membership has been added</value></key><key name="membership_and_credits"><value>Memberships &amp; Credits</value></key><key name="months"><value>month(s)</value></key><key name="my_membership"><value>My membership</value></key><key name="notifications"><value>Notifications</value></key><key name="no_plans"><value>No plans added</value></key><key name="no_plans_selected"><value>Select at least one plan</value></key><key name="no_types_selected"><value>Select at least one membership</value></key><key name="payment_method"><value>Payment method</value></key><key name="payment_provider"><value>Payment provider</value></key><key name="period"><value>Period</value></key><key name="period_required"><value>Membership period is required</value></key><key name="plans"><value>Plans</value></key><key name="plans_deleted"><value>Plans has been deleted</value></key><key name="plans_updated"><value>Plans has been updated</value></key><key name="plan_added"><value>Plan has been added</value></key><key name="plan_delete_confirm"><value>Are you sure you want to delete selected plans?</value></key><key name="plan_expired_notification_html"><value>&lt;p&gt;Hi {$name},&lt;/p&gt;&#13;
&lt;p&gt;We are letting you know that your {$membership} membership just expired but don't let that stop you! You are warmly invited to extend your membership to stay connected in our community and enjoy all of its benefits!&lt;/p&gt;&#13;
&lt;p&gt;And of course, if you have any questions or concerns, just let us know! We are eagerly willing to help you in any way possible!&lt;/p&gt;&#13;
&lt;p&gt;Sincerely,&lt;br /&gt;&#13;
{$site_name} team&lt;/p&gt;</value></key><key name="plan_expired_notification_subject"><value>Your membership has expired</value></key><key name="plan_expired_notification_text"><value>Hi {$name},&#13;
&#13;
We are letting you know that your {$membership} membership just expired but don't let that stop you! You are warmly invited to extend your membership to stay connected in our community and enjoy all of its benefits!&#13;
&#13;
And of course, if you have any questions or concerns, just let us know! We are eagerly willing to help you in any way possible!&#13;
&#13;
Sincerely,&#13;
{$site_name} team</value></key><key name="plan_expires_notification_html"><value>&lt;p&gt;Hello there {$name},&lt;/p&gt;&#13;
&lt;p&gt;We hope you enjoy being a part of our community as much as we do. Here's a friendly reminder that your {$membership} membership expires in {$days} days, so it may be a good idea to check your preferred payment method to make sure you stay connected.&lt;/p&gt;&#13;
&lt;p&gt;If you have any concernsor questions, just let us know, we are always there to help!&lt;/p&gt;&#13;
&lt;p&gt;Sincerely,&lt;br /&gt;&#13;
{$site_name} team&lt;/p&gt;</value></key><key name="plan_expires_notification_subject"><value>Your membership expires in {$days} days</value></key><key name="plan_expires_notification_text"><value>Hello there {$name},&#13;
&#13;
We hope you enjoy being a part of our community as much as we do. Here's a friendly reminder that your {$membership} membership expires in {$days} days, so it may be a good idea to check your preferred payment method to make sure you stay connected.&#13;
&#13;
If you have any concerns or questions, just let us know, we are always there to help!&#13;
&#13;
Sincerely,&#13;
{$site_name} team</value></key><key name="plan_expires_today_notification_html"><value>&lt;p&gt;Hi {$name},&lt;/p&gt;&#13;
&lt;p&gt;We hope you enjoy being a part of our community as much as we do. Here's a friendly reminder that your {$membership} membership expires in 24 hours, so it may be a good idea to check your preferred payment method to make sure you stay connected.&lt;/p&gt;&#13;
&lt;p&gt;If you don’t have a recurring membership set up, you are encouraged to do that to ensure smooth and uninterrupted premium experience that {$membership} membership provides.&lt;/p&gt;&#13;
&lt;p&gt;If you have any concerns or questions, just let us know, we are always there to help!&lt;/p&gt;&#13;
&lt;p&gt;Sincerely,&lt;br /&gt;&#13;
{$site_name} team&lt;/p&gt;</value></key><key name="plan_expires_today_notification_subject"><value>Your membership expires in 24 hours</value></key><key name="plan_expires_today_notification_text"><value>Hi {$name},&#13;
&#13;
We hope you enjoy being a part of our community as much as we do. Here's a friendly reminder that your {$membership} membership expires in 24 hours, so it may be a good idea to check your preferred payment method to make sure you stay connected.&#13;
&#13;
If you don’t have a recurring membership set up, you are encouraged to do that to ensure smooth and uninterrupted premium experience that {$membership} membership provides.&#13;
&#13;
If you have any concerns or questions, just let us know, we are always there to help!&#13;
&#13;
Sincerely,&#13;
{$site_name} team</value></key><key name="plan_purchase_notification_html"><value>&lt;p&gt;Hi {$name},&lt;/p&gt;&#13;
&lt;p&gt;Thanks for upgrading! We hope you will enjoy the benefits of your new membership at our site, which will last until {$expirationDate}. If you have any questions, feel free to ask, we are always there for your convenience.&lt;/p&gt;&#13;
&lt;p&gt;Sincerely,&lt;br /&gt;&#13;
{$site_name} team&lt;/p&gt;</value></key><key name="plan_purchase_notification_subject"><value>Successful upgrade to {$membership} membership level</value></key><key name="plan_purchase_notification_text"><value>Hi {$name},&#13;
&#13;
Thanks for upgrading! We hope you will enjoy the benefits of your new membership at our site, which will last until {$expirationDate}. If you have any questions, feel free to ask, we are always there for your convenience.&#13;
&#13;
Sincerely,&#13;
{$site_name} team</value></key><key name="plan_renewed_notification_html"><value>&lt;p&gt;Hi there {$name},&lt;/p&gt;&#13;
&lt;p&gt;Your {$membership} membership has just been renewed, since you have a recurring {$membership} membership set up at our site. Thank you for being a part of our community!&lt;/p&gt;&#13;
&lt;p&gt;And of course, if you have feedback, or any questions/concerns, just let us know!&lt;/p&gt;&#13;
&lt;p&gt;Sincerely,&lt;/br /&gt;&#13;
{$site_name} team&lt;/p&gt;</value></key><key name="plan_renewed_notification_subject"><value>Your membership has been renewed</value></key><key name="plan_renewed_notification_text"><value>Hi there {$name},&#13;
&#13;
Your {$membership} membership has just been renewed, since you have a recurring {$membership} membership set up at our site. Thank you for being a part of our community!&#13;
&#13;
And of course, if you have feedback, or any questions/concerns, just let us know!&#13;
&#13;
Sincerely,&#13;
{$site_name} team</value></key><key name="plan_struct"><value>{$period} {$periodUnits} for {$currency} {$price}</value></key><key name="plan_struct_recurring"><value>{$price} {$currency} per {$period}{$periodUnits} (recurring)</value></key><key name="plan_struct_trial"><value>{$period} {$periodUnits} of trial</value></key><key name="plugin_configuration_notice"><value>&lt;a href="{$url}"&gt;Paid Membership&lt;/a&gt; plugin should be configured to work properly. &lt;br /&gt;You need to create at least one membership type with at least one plan.</value></key><key name="price"><value>Price</value></key><key name="proceed"><value>Proceed</value></key><key name="product_id"><value>Product ID</value></key><key name="recurring"><value>Recurring</value></key><key name="remind_expiration"><value>Remind users by email that membership expires in</value></key><key name="select_auth_role"><value>Select Role</value></key><key name="select_role"><value>User role for this membership</value></key><key name="set"><value>Set</value></key><key name="settings_updated"><value>Settings updated</value></key><key name="set_membership"><value>Set Membership:</value></key><key name="set_period"><value>Set Period:</value></key><key name="show_on_subscribe"><value>Show on subscribe page</value></key><key name="subscribe"><value>Subscribe</value></key><key name="subscribe_page_heading"><value>Subscribe</value></key><key name="subscribe_page_heading_mobile"><value>Subscribe</value></key><key name="trial"><value>Trial</value></key><key name="trial_granted"><value>You've been granted {$period} {$periodUnits} of trial membership</value></key><key name="trial_used_error"><value>Trial membership can be used only once</value></key><key name="types_deleted"><value>Memberships has been deleted</value></key><key name="types_list"><value>Membership list</value></key><key name="type_delete_confirm"><value>Are you sure you want to delete selected memberships?</value></key><key name="type_info"><value>Membership info</value></key><key name="type_updated"><value>Membership has been updated</value></key><key name="upgrade"><value>Upgrade</value></key><key name="user_membership_updated"><value>User membership has been updated</value></key><key name="your_membership"><value>Your membership</value></key><key name="your_selection"><value>Your selection</value></key></prefix>
